DATE,TYPE,OUTAMOUNT,OUTCURRENCY,FEEAMOUNT,FEECURRENCY,OUTTXID,OUTTXURL,INAMOUNT,INCURRENCY,INTXID,INTXURL,ORDERID,PERSONALNOTE
Sat Nov 11 2017 21:43:26 GMT-0600 (Central Standard Time),deposit,,,,,,,12,ETH,0x0b012bf30ed53655bd5d1fb31aedcc77449c95c7c37dc1c154059c93bc836f80,https://etherscan.io/tx/0x0b012bf30ed53655bd5d1fb31aedcc77449c95c7c37dc1c154059c93bc836f80,,
Sat Nov 11 2017 21:49:08 GMT-0600 (Central Standard Time),deposit,,,,,,,1.25206501,BCH,672d4e8109f1fa80d6744268c8653294b0c3de84cb73fd2ce503a0a5fcc3e8a5,https://blockchair.com/bitcoin-cash/transaction/672d4e8109f1fa80d6744268c8653294b0c3de84cb73fd2ce503a0a5fcc3e8a5,,
Sat Nov 11 2017 21:51:43 GMT-0600 (Central Standard Time),deposit,,,,,,,20,LTC,f9ebb414cc6bdc94bf658375eecb8f942b9038bae83bcf70789a9a02b890d970,https://blockchair.com/litecoin/transaction/f9ebb414cc6bdc94bf658375eecb8f942b9038bae83bcf70789a9a02b890d970,,
Mon Nov 13 2017 16:25:51 GMT-0600 (Central Standard Time),deposit,,,,,,,0.58588,BTC,5426e5789af2daa7ea85513487f7c06a93fe8c5a70fe97de5bdd919f2093eccc,https://blockchair.com/bitcoin/transaction/5426e5789af2daa7ea85513487f7c06a93fe8c5a70fe97de5bdd919f2093eccc,,
Mon Nov 13 2017 18:02:34 GMT-0600 (Central Standard Time),deposit,,,,,,,55.998,LTC,2190c223f88547a54a1e1ebf60c2df53524657dbeac653f3ac3b5071ff385761,https://blockchair.com/litecoin/transaction/2190c223f88547a54a1e1ebf60c2df53524657dbeac653f3ac3b5071ff385761,,
Mon Nov 13 2017 19:10:07 GMT-0600 (Central Standard Time),exchange,-7.13388099,LTC,-0.002147,LTC,4453c7457275695983c69ece3e57811522f7ae6f7e50fa1e2de4ba8e783672f0,https://blockchair.com/litecoin/transaction/4453c7457275695983c69ece3e57811522f7ae6f7e50fa1e2de4ba8e783672f0,1,DASH,29238988bf0f9ed0dcad5ddfe58a38a2887673e701dd95105ef331e806ce1f75,https://blockchair.com/dash/transaction/29238988bf0f9ed0dcad5ddfe58a38a2887673e701dd95105ef331e806ce1f75,aed69fde-b136-40d8-862f-2b9117f2601a,
Mon Nov 13 2017 19:22:31 GMT-0600 (Central Standard Time),exchange,-4.09079604,LTC,-0.002147,LTC,90ece4873cfa5b20f46e57fc82fb7ea77c34ebfdb9fd2259f9468d75d7b2426a,https://blockchair.com/litecoin/transaction/90ece4873cfa5b20f46e57fc82fb7ea77c34ebfdb9fd2259f9468d75d7b2426a,3.89796101,GNO,0x8ec91d321c94d82c84b549c5a0085b48427a0328a56aaeb789347e69e4c8456b,https://etherscan.io/tx/0x8ec91d321c94d82c84b549c5a0085b48427a0328a56aaeb789347e69e4c8456b,0392830d-1b55-4fbd-bf44-259eccffeb71,
Wed Nov 15 2017 17:10:25 GMT-0600 (Central Standard Time),deposit,,,,,,,12.93462866,LTC,16cc97653f396588b738c7458f6a50e3434e2d9d918157b7afd6d2b2aa02ae09,https://blockchair.com/litecoin/transaction/16cc97653f396588b738c7458f6a50e3434e2d9d918157b7afd6d2b2aa02ae09,,
Fri Nov 17 2017 13:47:09 GMT-0600 (Central Standard Time),withdrawal,-52.57432922,LTC,-0.003553,LTC,fc20a07b8c2328619b156b33802d878d53281bb2717da7dfb20eca2e44f2f054,https://blockchair.com/litecoin/transaction/fc20a07b8c2328619b156b33802d878d53281bb2717da7dfb20eca2e44f2f054,,,,,,
Sat Nov 18 2017 20:58:27 GMT-0600 (Central Standard Time),withdrawal,-0.36475051,LTC,-0.002147,LTC,a718de43a32bbb9f86f8e7d22fdc32b475c5453876fba5b1cf9465623dec53db,https://blockchair.com/litecoin/transaction/a718de43a32bbb9f86f8e7d22fdc32b475c5453876fba5b1cf9465623dec53db,,,,,,
Wed Nov 29 2017 20:41:08 GMT-0600 (Central Standard Time),exchange,-3.89796101,GNO,-0.00072946,ETH,0xadf300063bfa8397221ccc1ce5995ce708f3e62031170f7810fb40fca5ebccfc,https://etherscan.io/tx/0xadf300063bfa8397221ccc1ce5995ce708f3e62031170f7810fb40fca5ebccfc,4.30178315,LTC,818f0f914df0aba09befa88f890d264841340a89d835c73054804fae48dddd0e,https://blockchair.com/litecoin/transaction/818f0f914df0aba09befa88f890d264841340a89d835c73054804fae48dddd0e,b2c88e15-5038-4960-abee-af818b5ddcbc,
Wed Nov 29 2017 20:45:10 GMT-0600 (Central Standard Time),withdrawal,-4.855659977230618,ETH,-0.0004158,ETH,0xa8ba8cee027b4993f58c401c9373199e92acbe0679ff4aaf62ae2c56d2386c87,https://etherscan.io/tx/0xa8ba8cee027b4993f58c401c9373199e92acbe0679ff4aaf62ae2c56d2386c87,,,,,,
Wed Dec 13 2017 09:57:20 GMT-0600 (Central Standard Time),withdrawal,-0.5,ETH,-0.000525,ETH,0x8fb50aae0c6c620f0e3eb8e111dcb8cc452f033520128a6c0f2599413606feea,https://etherscan.io/tx/0x8fb50aae0c6c620f0e3eb8e111dcb8cc452f033520128a6c0f2599413606feea,,,,,,
Fri Dec 15 2017 16:26:57 GMT-0600 (Central Standard Time),withdrawal,-0.85977296,BCH,-0.0000113,BCH,4be8dc9541817c98a2a9bfe1f919d13abc55666a13adb7630f63e1b3ce314657,https://blockchair.com/bitcoin-cash/transaction/4be8dc9541817c98a2a9bfe1f919d13abc55666a13adb7630f63e1b3ce314657,,,,,,
Sun Dec 17 2017 19:44:42 GMT-0600 (Central Standard Time),exchange,-0.39226945,BCH,-0.0000113,BCH,ce07deca19b6efc80f3b288ba7c1255b7738764c17934b757ef545bd70a6df44,https://blockchair.com/bitcoin-cash/transaction/ce07deca19b6efc80f3b288ba7c1255b7738764c17934b757ef545bd70a6df44,0.03596211,BTC,bc84b28cbe2aee2b2ecafbc4533594b306f05085cb69927a40c54ceab07aca51,https://blockchair.com/bitcoin/transaction/bc84b28cbe2aee2b2ecafbc4533594b306f05085cb69927a40c54ceab07aca51,f7c749b7-51e8-45ec-b11f-439f587cd747,
Tue Mar 06 2018 23:40:11 GMT-0600 (Central Standard Time),deposit,,,,,,,0.01507816,BTC,e4e8a85e7d153db6f6a0690b335b706bb607c229d22c810ecdd8d7e2458af93e,https://blockchair.com/bitcoin/transaction/e4e8a85e7d153db6f6a0690b335b706bb607c229d22c810ecdd8d7e2458af93e,,
Tue Mar 06 2018 23:40:19 GMT-0600 (Central Standard Time),deposit,,,,,,,0.01154218,DASH,76de4220fb95020ddb90cc3dab163765d0a192b20f3c729499550b248b2a7782,https://blockchair.com/dash/transaction/76de4220fb95020ddb90cc3dab163765d0a192b20f3c729499550b248b2a7782,,
Tue Mar 06 2018 23:40:24 GMT-0600 (Central Standard Time),deposit,,,,,,,0.08496734,LTC,81362990e5baee5d772a00575bf465a9455c8a5e44e7d9c53c866daadf33e3bc,https://blockchair.com/litecoin/transaction/81362990e5baee5d772a00575bf465a9455c8a5e44e7d9c53c866daadf33e3bc,,
Tue Apr 10 2018 08:57:31 GMT-0500 (Central Daylight Time),withdrawal,-1,ETH,-0.000084,ETH,0xfda399053b57a675fa5c3e565cccccff674d7f1917753e57eb0c98e729559914,https://etherscan.io/tx/0xfda399053b57a675fa5c3e565cccccff674d7f1917753e57eb0c98e729559914,,,,,,
Tue Apr 10 2018 08:57:48 GMT-0500 (Central Daylight Time),withdrawal,-5,LTC,-0.003553,LTC,c68700e77ec1b5337aa2b764bdb6eff268ee26ebd19ca17f040fb7916cd77b9e,https://blockchair.com/litecoin/transaction/c68700e77ec1b5337aa2b764bdb6eff268ee26ebd19ca17f040fb7916cd77b9e,,,,,,
Sat May 05 2018 11:25:13 GMT-0500 (Central Daylight Time),deposit,,,,,,,71,TRX,0x1b4452384035e83940658603738840ee8b3abf9a7239ac60e9a10e771ec7534f,https://etherscan.io/tx/0x1b4452384035e83940658603738840ee8b3abf9a7239ac60e9a10e771ec7534f,,
Fri Jun 01 2018 00:26:10 GMT-0500 (Central Daylight Time),withdrawal,0,ETH,-0.00181116,ETH,0xbef0e65581f5c9462029218e12373fb576e63f7a7fed39c6e10ee5de85a2eef6,https://etherscan.io/tx/0xbef0e65581f5c9462029218e12373fb576e63f7a7fed39c6e10ee5de85a2eef6,,,,,,
Fri Jun 01 2018 08:46:29 GMT-0500 (Central Daylight Time),deposit,,,,,,,0.0552,BTC,c9a6c2089e0d1ecc68dd76873271de14afd0358815371fa99540d04b31008fd2,https://blockchair.com/bitcoin/transaction/c9a6c2089e0d1ecc68dd76873271de14afd0358815371fa99540d04b31008fd2,,
Fri Jun 01 2018 08:46:29 GMT-0500 (Central Daylight Time),deposit,,,,,,,0.2,LTC,a62ab39b5164e5bff036e91fa5d4351db7589a8783874d865d2b608d444aa11c,https://blockchair.com/litecoin/transaction/a62ab39b5164e5bff036e91fa5d4351db7589a8783874d865d2b608d444aa11c,,
Fri Jun 01 2018 08:46:29 GMT-0500 (Central Daylight Time),deposit,,,,,,,0.0718,LTC,cc5d24b3b5104696f1bf35906fa1c9abab296a36741edc971843d70ee0c934c3,https://blockchair.com/litecoin/transaction/cc5d24b3b5104696f1bf35906fa1c9abab296a36741edc971843d70ee0c934c3,,
Sat Sep 01 2018 16:03:25 GMT-0500 (Central Daylight Time),withdrawal,-0.08335058,BTC,-0.0000522,BTC,bcb862714f1b805d9be2151e990b40559d27c52c88ba945f00bd1aae556859f1,https://blockchair.com/bitcoin/transaction/bcb862714f1b805d9be2151e990b40559d27c52c88ba945f00bd1aae556859f1,,,,,,
Sat Sep 01 2018 16:03:29 GMT-0500 (Central Daylight Time),withdrawal,-2,ETH,-0.0000945,ETH,0x8ea0f45e6a11d1a3290d2508b538bf84f82060bec3c1b9a61e09dcddca34ee24,https://etherscan.io/tx/0x8ea0f45e6a11d1a3290d2508b538bf84f82060bec3c1b9a61e09dcddca34ee24,,,,,,
Wed Jan 09 2019 09:44:28 GMT-0600 (Central Standard Time),withdrawal,-5,LTC,-0.000672,LTC,1e8a33e2d6b82ca35f79d46162c91b9a1811dfbb9ccbce2f4170d0564c373ed3,https://blockchair.com/litecoin/transaction/1e8a33e2d6b82ca35f79d46162c91b9a1811dfbb9ccbce2f4170d0564c373ed3,,,,,,
Tue Jun 25 2019 19:54:31 GMT-0500 (Central Daylight Time),exchange,-0.18795947,ETH,-0.000126,ETH,0x4413891771a0de8f6755b17a85dc2cf83826d1d6208f9416d059ce8db8332dbe,https://etherscan.io/tx/0x4413891771a0de8f6755b17a85dc2cf83826d1d6208f9416d059ce8db8332dbe,58.685584,USDC,0xe290740a292cff1f2d09e4799c0d9dc54c5d9b0a7e0406a3b6992e45bb1d381d,https://etherscan.io/tx/0xe290740a292cff1f2d09e4799c0d9dc54c5d9b0a7e0406a3b6992e45bb1d381d,ut1ajo8xg40h9op5,
Tue Jan 14 2020 10:17:22 GMT-0600 (Central Standard Time),exchange,-58.685584,USDC,-0.000336156,ETH,0x65a40ad9b93fad872242eea952100b0a52fc7b2f4670002639f13c7776aae5b0,https://etherscan.io/tx/0x65a40ad9b93fad872242eea952100b0a52fc7b2f4670002639f13c7776aae5b0,6.87210418,BTG,34dee98beae8d8a493a20a529ee445d58d456f47b7546b0e1978284bc3b4238a,https://explorer.bitcoingold.org/insight/tx/34dee98beae8d8a493a20a529ee445d58d456f47b7546b0e1978284bc3b4238a,cbda7f33-8c91-32a9-b70f-ae3d0a30f16b,
Sat Jul 25 2020 09:41:36 GMT-0500 (Central Daylight Time),exchange,-1.01150478,DASH,-0.0000374,DASH,7c50a50ce80bf657a0a386fef6bb60a58db36288d65cf2dcc57a0efac26bb66b,https://blockchair.com/dash/transaction/7c50a50ce80bf657a0a386fef6bb60a58db36288d65cf2dcc57a0efac26bb66b,71.166854,USDC,0x479ec8ff1e9bc7b91a38c1f63ab73288a13e75063b057d715d638f4a42bf3d5d,https://etherscan.io/tx/0x479ec8ff1e9bc7b91a38c1f63ab73288a13e75063b057d715d638f4a42bf3d5d,3deea762-be7c-4593-b9c0-d0ef1a219e6d,
Sat Jul 25 2020 09:54:11 GMT-0500 (Central Daylight Time),withdrawal,-71.166854,USDC,-0.002661235,ETH,0x38ad92caa8ab70c2c5e6a6a12ed5fece795cf597640be6752ee85867402e131f,https://etherscan.io/tx/0x38ad92caa8ab70c2c5e6a6a12ed5fece795cf597640be6752ee85867402e131f,,,,,,
Sat Jul 25 2020 10:00:51 GMT-0500 (Central Daylight Time),deposit,,,,,,,514.264769,ADA,d526db750a7f74ceffc737c304f6822ac25c7ce31072aaea5c76b3392443671e,https://cardanoscan.io/transaction/d526db750a7f74ceffc737c304f6822ac25c7ce31072aaea5c76b3392443671e,,
Sat Aug 01 2020 10:53:55 GMT-0500 (Central Daylight Time),deposit,,,,,,,16.737408,XTZ,opQfKFobMgdxrSEo1kXZxgVstpJGr7oMTaqyqgURRrjcRbZ2Cts,https://tzstats.com/operation/opQfKFobMgdxrSEo1kXZxgVstpJGr7oMTaqyqgURRrjcRbZ2Cts,,
Sat Aug 01 2020 21:37:55 GMT-0500 (Central Daylight Time),withdrawal,0,XTZ,-0.00142,XTZ,onhBwBn9eGwYCrR8XkwUW7fRssTCtNmhzmCfzX2ADNZgyFpcrga,https://tzstats.com/operation/onhBwBn9eGwYCrR8XkwUW7fRssTCtNmhzmCfzX2ADNZgyFpcrga,,,,,,
Tue Aug 25 2020 16:04:06 GMT-0500 (Central Daylight Time),withdrawal,-71,TRX,-0.00407348122492273,ETH,0xc3767761431c38195bdc82b7d4324d2dad9a4796f851241927326d1e41859ff6,https://etherscan.io/tx/0xc3767761431c38195bdc82b7d4324d2dad9a4796f851241927326d1e41859ff6,,,,,,
Tue Aug 25 2020 16:10:24 GMT-0500 (Central Daylight Time),withdrawal,-0.44,ETH,-0.002205,ETH,0xc2f74bd77a11efdcc9f87b42f76637c52c8aecabfcb14f0b38fdba12626e6a49,https://etherscan.io/tx/0xc2f74bd77a11efdcc9f87b42f76637c52c8aecabfcb14f0b38fdba12626e6a49,,,,,,
Fri Aug 28 2020 11:57:16 GMT-0500 (Central Daylight Time),withdrawal,-0.77,ETH,-0.003753750006111,ETH,0x580b49e19bd7436f1983cd6adb050081675d469ad67f454f6465926e38acc87a,https://etherscan.io/tx/0x580b49e19bd7436f1983cd6adb050081675d469ad67f454f6465926e38acc87a,,,,,,
Fri Aug 28 2020 16:04:33 GMT-0500 (Central Daylight Time),withdrawal,-2.2269400105383483,ETH,-0.002625,ETH,0xa4e5727664c439802e0d2f1e4da694d5801927f7ba0eb900525180bf56f6ba9c,https://etherscan.io/tx/0xa4e5727664c439802e0d2f1e4da694d5801927f7ba0eb900525180bf56f6ba9c,,,,,,
Sat Aug 29 2020 00:12:08 GMT-0500 (Central Daylight Time),exchange,-12.69701922,LTC,-0.002448,LTC,37bc82a458747a1d7abeafb1776d8ff07740d10dcd0c3ebe9e4b6ce62e8ce66e,https://blockchair.com/litecoin/transaction/37bc82a458747a1d7abeafb1776d8ff07740d10dcd0c3ebe9e4b6ce62e8ce66e,1.8,ETH,0x3ca60f84c1c0024a900ff37fc0fea95e892bcb95ea1457a6c6342f26063d5557,https://etherscan.io/tx/0x3ca60f84c1c0024a900ff37fc0fea95e892bcb95ea1457a6c6342f26063d5557,555948e8-d2a7-385a-8031-485fce68d811,
Sat Aug 29 2020 00:16:17 GMT-0500 (Central Daylight Time),withdrawal,-1.79761125,ETH,-0.00238875,ETH,0x25b56c47ad7d25987432758797558df735843445e62f032d93bdb67b384f9d60,https://etherscan.io/tx/0x25b56c47ad7d25987432758797558df735843445e62f032d93bdb67b384f9d60,,,,,,
Sat Aug 29 2020 00:33:16 GMT-0500 (Central Daylight Time),exchange,-1,LTC,-0.000678,LTC,0b7e4ee77d871cc7f4bfec5265fc01e5a6a9fbb4f3a5f2091807e69d24ef0a91,https://blockchair.com/litecoin/transaction/0b7e4ee77d871cc7f4bfec5265fc01e5a6a9fbb4f3a5f2091807e69d24ef0a91,0.13742128,ETH,0xf47ce04e5a0dbe39461c89f1aa8e905ba0aaac591a6570164c9371b230c77a68,https://etherscan.io/tx/0xf47ce04e5a0dbe39461c89f1aa8e905ba0aaac591a6570164c9371b230c77a68,b92135f3-e0d3-4edc-b2b5-545a4be338b3,
Sat Aug 29 2020 00:45:16 GMT-0500 (Central Daylight Time),exchange,-16.456728,XTZ,-0.00284,XTZ,ooAzgPy7k8nu2bGcwod1saUoyFhydB5eEGYC2vjr8VerRZTk3TF,https://tzstats.com/operation/ooAzgPy7k8nu2bGcwod1saUoyFhydB5eEGYC2vjr8VerRZTk3TF,48.467304,DAI,0x1882b6540140d7e84c9e35cba2f2be82659a39aabd46822abce368cec1c709bc,https://etherscan.io/tx/0x1882b6540140d7e84c9e35cba2f2be82659a39aabd46822abce368cec1c709bc,f54aea2b-5c4a-3794-bc20-ed3e67718d28,
Sat Aug 29 2020 09:53:29 GMT-0500 (Central Daylight Time),exchange,-5.71248217,LTC,-0.000576,LTC,398fafd4deaba0a346a03aa704f6f18b4d5d86adde5d97fcb271da84f596ebd9,https://blockchair.com/litecoin/transaction/398fafd4deaba0a346a03aa704f6f18b4d5d86adde5d97fcb271da84f596ebd9,0.79979482,ETH,0x32cec8471727987a263c8602d70660c215f01ff62a76de721968ea7297295076,https://etherscan.io/tx/0x32cec8471727987a263c8602d70660c215f01ff62a76de721968ea7297295076,2e2f9265-2a34-3805-bfe6-989e9cd614fd,
Sat Aug 29 2020 09:56:03 GMT-0500 (Central Daylight Time),withdrawal,-0.93507935,ETH,-0.00213675,ETH,0x29f9199bb3c5e8099b0d20393e948e6c1b84abf1f31de0413011ffc065e830ab,https://etherscan.io/tx/0x29f9199bb3c5e8099b0d20393e948e6c1b84abf1f31de0413011ffc065e830ab,,,,,,
Thu Sep 10 2020 13:30:02 GMT-0500 (Central Daylight Time),deposit,,,,,,,0.007459,XTZ,ooxrz7fdmZrF8KhT6FravaZnQZG7kHNnN87jdpkJCjPCN4P4bD4,https://tzstats.com/operation/ooxrz7fdmZrF8KhT6FravaZnQZG7kHNnN87jdpkJCjPCN4P4bD4,,
Sun Sep 13 2020 12:14:33 GMT-0500 (Central Daylight Time),deposit,,,,,,,0.007859,XTZ,op6i9SZL2JiJXNXYiHdKV2GN7hCvU7NZCSGRC2iNRZjzoGCbRgi,https://tzstats.com/operation/op6i9SZL2JiJXNXYiHdKV2GN7hCvU7NZCSGRC2iNRZjzoGCbRgi,,
Wed Sep 16 2020 09:15:38 GMT-0500 (Central Daylight Time),deposit,,,,,,,0.007309,XTZ,ono7PyU5xkxr4g2HVcqFNaHUBsvwPmxPAovCyaycdQ2zSt9SGao,https://tzstats.com/operation/ono7PyU5xkxr4g2HVcqFNaHUBsvwPmxPAovCyaycdQ2zSt9SGao,,
Sat Sep 19 2020 08:05:22 GMT-0500 (Central Daylight Time),deposit,,,,,,,0.007046,XTZ,op9DTz9Adw7aMNpm1KPtp8TSTJBHuRjxM5LXvbqsgAdaLuma3fs,https://tzstats.com/operation/op9DTz9Adw7aMNpm1KPtp8TSTJBHuRjxM5LXvbqsgAdaLuma3fs,,
Tue Sep 22 2020 09:39:26 GMT-0500 (Central Daylight Time),deposit,,,,,,,0.006749,XTZ,oo212CHr47VTSobkzRed2WFYvFh4jhw6hKnei6Z3d3SVkraiLs5,https://tzstats.com/operation/oo212CHr47VTSobkzRed2WFYvFh4jhw6hKnei6Z3d3SVkraiLs5,,
Fri Sep 25 2020 08:22:04 GMT-0500 (Central Daylight Time),deposit,,,,,,,0.007714,XTZ,ooURq2BePkeHwjXa6XX8nQY2fXEmzToJwRc4piW6Q2zJyjTiuuE,https://tzstats.com/operation/ooURq2BePkeHwjXa6XX8nQY2fXEmzToJwRc4piW6Q2zJyjTiuuE,,
Mon Sep 28 2020 05:40:55 GMT-0500 (Central Daylight Time),deposit,,,,,,,0.007475,XTZ,oogY6EUjaveSryhNWUmhGedSbP9pxCLwRcmyDUYPSfRU5R59apS,https://tzstats.com/operation/oogY6EUjaveSryhNWUmhGedSbP9pxCLwRcmyDUYPSfRU5R59apS,,
Wed Sep 30 2020 18:03:33 GMT-0500 (Central Daylight Time),deposit,,,,,,,0.007401,XTZ,ootPjCrvhg2xx3ZT7SmQLxaJ3zwwUvR2K7hBi2JA2vrHZysV6Bu,https://tzstats.com/operation/ootPjCrvhg2xx3ZT7SmQLxaJ3zwwUvR2K7hBi2JA2vrHZysV6Bu,,
Sat Oct 03 2020 15:29:44 GMT-0500 (Central Daylight Time),deposit,,,,,,,0.00759,XTZ,ooBBUSXpW6HLZXzkZ3mBMe7EDi7xBNWzPcPFGktCDGZBD9SCRPC,https://tzstats.com/operation/ooBBUSXpW6HLZXzkZ3mBMe7EDi7xBNWzPcPFGktCDGZBD9SCRPC,,
Sat Oct 03 2020 22:15:47 GMT-0500 (Central Daylight Time),deposit,,,,,,,0.04,ETH,0x03b663fa189993a9bcc4d4fa370f40cdf206fac1edf27ba0db719dbe60f92689,https://etherscan.io/tx/0x03b663fa189993a9bcc4d4fa370f40cdf206fac1edf27ba0db719dbe60f92689,,
Sat Oct 03 2020 22:16:37 GMT-0500 (Central Daylight Time),exchange,-34.59533459,DAI,-0.0032864125,ETH,0xc797eecf8d48c776fb8cb3fffa6cd6f3c398fab1d98281a1cff9388cd1ae1cab,https://etherscan.io/tx/0xc797eecf8d48c776fb8cb3fffa6cd6f3c398fab1d98281a1cff9388cd1ae1cab,15.190575,XTZ,opQys5gpBvXnCLzBXM8yybxYz5XfSfRDtDRcw7mr8hwntdYAnsK,https://tzstats.com/operation/opQys5gpBvXnCLzBXM8yybxYz5XfSfRDtDRcw7mr8hwntdYAnsK,94726d31-a539-3761-ac90-20a441bde9df,
Tue Oct 06 2020 12:04:50 GMT-0500 (Central Daylight Time),deposit,,,,,,,0.000126,XTZ,opAU5iEzEKxLH9SdNcNhqnVKk5v3RGJrzAjJ517bVnttxMKxwTU,https://tzstats.com/operation/opAU5iEzEKxLH9SdNcNhqnVKk5v3RGJrzAjJ517bVnttxMKxwTU,,
Fri Oct 09 2020 10:52:02 GMT-0500 (Central Daylight Time),deposit,,,,,,,0.000109,XTZ,op2JQqoyxAv3LG1AXkBdhJnvxpWJcQJ1kaJZHjDDT297vM1Z2Xp,https://tzstats.com/operation/op2JQqoyxAv3LG1AXkBdhJnvxpWJcQJ1kaJZHjDDT297vM1Z2Xp,,
Mon Oct 12 2020 09:31:44 GMT-0500 (Central Daylight Time),deposit,,,,,,,0.000138,XTZ,ontsWZaZymCWkV72cPTmcusPK1Fv4uw3mRAmPKpsxZ4HTzDJ9y4,https://tzstats.com/operation/ontsWZaZymCWkV72cPTmcusPK1Fv4uw3mRAmPKpsxZ4HTzDJ9y4,,
Thu Oct 15 2020 11:13:24 GMT-0500 (Central Daylight Time),deposit,,,,,,,0.000113,XTZ,ooi9tkXAeoT4uQPnNJAX72fZFfxKQnoHPUAZz5RiumEFfU6zCuX,https://tzstats.com/operation/ooi9tkXAeoT4uQPnNJAX72fZFfxKQnoHPUAZz5RiumEFfU6zCuX,,
Sun Oct 18 2020 05:16:12 GMT-0500 (Central Daylight Time),deposit,,,,,,,0.000123,XTZ,onjmtpi3VVu4Fe32Wb4HsZeETdxUCq27zX2rSGYTCwxeE9jSKQP,https://tzstats.com/operation/onjmtpi3VVu4Fe32Wb4HsZeETdxUCq27zX2rSGYTCwxeE9jSKQP,,
Tue Oct 20 2020 19:41:16 GMT-0500 (Central Daylight Time),deposit,,,,,,,0.000126,XTZ,opSY9QPRo9ZqLvsfBWALrZ3dw5PG2Q27u2uHfafXyVnLusTPyxr,https://tzstats.com/operation/opSY9QPRo9ZqLvsfBWALrZ3dw5PG2Q27u2uHfafXyVnLusTPyxr,,
Fri Oct 23 2020 18:01:43 GMT-0500 (Central Daylight Time),deposit,,,,,,,0.000135,XTZ,onuuQGZc73udS2SSifDsbW1j5Pengtgdhh1rZnAo5sAv2JsZyj9,https://tzstats.com/operation/onuuQGZc73udS2SSifDsbW1j5Pengtgdhh1rZnAo5sAv2JsZyj9,,
Mon Oct 26 2020 14:35:59 GMT-0500 (Central Daylight Time),deposit,,,,,,,0.000135,XTZ,ootSvgYs8Rwae7g9AdJHCbbh9bn89DspFDyoNADm2pkiZoeNPp3,https://tzstats.com/operation/ootSvgYs8Rwae7g9AdJHCbbh9bn89DspFDyoNADm2pkiZoeNPp3,,
Thu Oct 29 2020 16:00:14 GMT-0500 (Central Daylight Time),deposit,,,,,,,0.000129,XTZ,op2stJ5bPMGa7eoiYPxvdHKVKDLvUfFNtsKyKkuWcedrkxt9G8H,https://tzstats.com/operation/op2stJ5bPMGa7eoiYPxvdHKVKDLvUfFNtsKyKkuWcedrkxt9G8H,,
Sun Nov 01 2020 10:23:52 GMT-0600 (Central Standard Time),deposit,,,,,,,0.000136,XTZ,ooGGg8DJeua5MCoKH7FDUb9NBdAaKLyS2H2HpaSwJ37JDStwVuv,https://tzstats.com/operation/ooGGg8DJeua5MCoKH7FDUb9NBdAaKLyS2H2HpaSwJ37JDStwVuv,,
Wed Nov 04 2020 10:27:52 GMT-0600 (Central Standard Time),deposit,,,,,,,0.000138,XTZ,opQeojAdpWSRuTxj2yCVMBqSdKcnG5XS9y7hAX3Yi9J1yJnMBTb,https://tzstats.com/operation/opQeojAdpWSRuTxj2yCVMBqSdKcnG5XS9y7hAX3Yi9J1yJnMBTb,,
Fri Nov 06 2020 00:07:44 GMT-0600 (Central Standard Time),withdrawal,0,ADA,-0.178233,ADA,11726f801852e227bcc7e5e637164c63e89a88d27bc74e18a25fa3907217c590,https://cardanoscan.io/transaction/11726f801852e227bcc7e5e637164c63e89a88d27bc74e18a25fa3907217c590,,,,,,
Fri Nov 06 2020 11:30:48 GMT-0600 (Central Standard Time),withdrawal,0,ADA,-0.197526,ADA,39050c91a6c016fee15837be47b53420b8237cf62db1a9bece3b73137407a494,https://cardanoscan.io/transaction/39050c91a6c016fee15837be47b53420b8237cf62db1a9bece3b73137407a494,,,,,,
Sat Nov 07 2020 12:10:45 GMT-0600 (Central Standard Time),deposit,,,,,,,0.000148,XTZ,opCagwCb3LkvmAGpfQk87PLcBXahTQYrahptq2pkY34nJ7z48Qp,https://tzstats.com/operation/opCagwCb3LkvmAGpfQk87PLcBXahTQYrahptq2pkY34nJ7z48Qp,,
Tue Nov 10 2020 11:12:08 GMT-0600 (Central Standard Time),deposit,,,,,,,0.006508,XTZ,opGvbbZCFbBDub2yNvdEHqG3MW7VsDDCTEfSAdYy9AXzbDWyYvc,https://tzstats.com/operation/opGvbbZCFbBDub2yNvdEHqG3MW7VsDDCTEfSAdYy9AXzbDWyYvc,,
Thu Nov 12 2020 17:38:14 GMT-0600 (Central Standard Time),deposit,,,,,,,0.006749,XTZ,onhcFShVRvAZAspDKMSQVwenodFTyTP1DnQc4sFa3dPQyQoju5h,https://tzstats.com/operation/onhcFShVRvAZAspDKMSQVwenodFTyTP1DnQc4sFa3dPQyQoju5h,,
Sun Nov 15 2020 16:53:10 GMT-0600 (Central Standard Time),deposit,,,,,,,0.007274,XTZ,op4worc15XsPmzs6nrUMER9NYZdqQywATxpB2rsfN8dYWNXG8iN,https://tzstats.com/operation/op4worc15XsPmzs6nrUMER9NYZdqQywATxpB2rsfN8dYWNXG8iN,,
Wed Nov 18 2020 14:41:19 GMT-0600 (Central Standard Time),deposit,,,,,,,0.007581,XTZ,oo47A6Nb74xCxSpMfH7QdoFxFJaUvCJL55QvH76HvV6DpXwP5iU,https://tzstats.com/operation/oo47A6Nb74xCxSpMfH7QdoFxFJaUvCJL55QvH76HvV6DpXwP5iU,,
Sat Nov 21 2020 07:00:48 GMT-0600 (Central Standard Time),deposit,,,,,,,0.006593,XTZ,oopECTHcZqBHJR8niZc5jp5tdWnpvWsJJonia56Lt7uFJDcsLSt,https://tzstats.com/operation/oopECTHcZqBHJR8niZc5jp5tdWnpvWsJJonia56Lt7uFJDcsLSt,,
Mon Nov 23 2020 13:45:37 GMT-0600 (Central Standard Time),deposit,,,,,,,0.39196122253834814,ETH,0x699dd9dbff51d0f6cd29d23643926b2528b5619c5c2fbaeb856b254baef8f0d7,https://etherscan.io/tx/0x699dd9dbff51d0f6cd29d23643926b2528b5619c5c2fbaeb856b254baef8f0d7,,
Mon Nov 23 2020 13:46:24 GMT-0600 (Central Standard Time),withdrawal,-13.87196941,DAI,-0.0153693,ETH,0x0c9852850f217da703f63f3b576d9a129499c84cced43e12f665ec5e4522d313,https://etherscan.io/tx/0x0c9852850f217da703f63f3b576d9a129499c84cced43e12f665ec5e4522d313,,,,,,
Mon Nov 23 2020 13:46:24 GMT-0600 (Central Standard Time),deposit,,,,,,,667.37674634,CDAI,0x0c9852850f217da703f63f3b576d9a129499c84cced43e12f665ec5e4522d313,https://etherscan.io/tx/0x0c9852850f217da703f63f3b576d9a129499c84cced43e12f665ec5e4522d313,,
Mon Nov 23 2020 13:49:51 GMT-0600 (Central Standard Time),exchange,-0.05284314,ETH,-0.001575,ETH,0x9d6eaba6bf433ba8224a5a5685986b3d2f0c1ead401cdf240aa8bd5ce281ebe2,https://etherscan.io/tx/0x9d6eaba6bf433ba8224a5a5685986b3d2f0c1ead401cdf240aa8bd5ce281ebe2,87.99212,ALGO,T2JV25ROTRDP2JLEQOZSVHKGUSOOVB7O42FSXWMRL4OF46A7OB5Q,https://algoexplorer.io/tx/T2JV25ROTRDP2JLEQOZSVHKGUSOOVB7O42FSXWMRL4OF46A7OB5Q,cca2d298-a893-308c-ae17-b8cc652e91cf,
Mon Nov 23 2020 13:50:47 GMT-0600 (Central Standard Time),exchange,-0.05284314,ETH,-0.00144375,ETH,0x3e2a1d5fe4f5c2d51687aabbd660852e0902ac276743f02f85f72204c5105e80,https://etherscan.io/tx/0x3e2a1d5fe4f5c2d51687aabbd660852e0902ac276743f02f85f72204c5105e80,5.091592,ATOM,D3AB00002FD0110B5B859E19D9D72997E0AD596FA6ED8C74CC416E07452D9F84,https://www.mintscan.io/txs/D3AB00002FD0110B5B859E19D9D72997E0AD596FA6ED8C74CC416E07452D9F84,8cce23cd-cf15-3627-934f-4c7b7ddf71e7,
Mon Nov 23 2020 13:51:20 GMT-0600 (Central Standard Time),exchange,-0.05284314,ETH,-0.001348093419561,ETH,0x9f065516477961fa047398b29a8f4184a568cb1a68bbc69895cf513a184e2439,https://etherscan.io/tx/0x9f065516477961fa047398b29a8f4184a568cb1a68bbc69895cf513a184e2439,87.93822,ALGO,T2JV25ROTRDP2JLEQOZSVHKGUSOOVB7O42FSXWMRL4OF46A7OB5Q,https://algoexplorer.io/tx/T2JV25ROTRDP2JLEQOZSVHKGUSOOVB7O42FSXWMRL4OF46A7OB5Q,b1153171-5f4b-3bac-8c0f-2b4a4a700f72,
Mon Nov 23 2020 14:00:37 GMT-0600 (Central Standard Time),withdrawal,0,ATOM,-0.003134,ATOM,0FEE95B5406F54180C890EB1690E4C4AA1261F937DC004FEB006550604B5AD64,https://www.mintscan.io/txs/0FEE95B5406F54180C890EB1690E4C4AA1261F937DC004FEB006550604B5AD64,,,,,,
Tue Nov 24 2020 10:54:06 GMT-0600 (Central Standard Time),deposit,,,,,,,0.006432,XTZ,oo82gJVvagSQZfLHFxNi8iwMyS3vrY8UCmdVuYH3X7XRmMoZyAN,https://tzstats.com/operation/oo82gJVvagSQZfLHFxNi8iwMyS3vrY8UCmdVuYH3X7XRmMoZyAN,,
Fri Nov 27 2020 12:21:14 GMT-0600 (Central Standard Time),deposit,,,,,,,0.007429,XTZ,oow4tbV8x66jPDwxFJX2wCFhNZhfH7ZaKaWcH828XgWcFBy7EpN,https://tzstats.com/operation/oow4tbV8x66jPDwxFJX2wCFhNZhfH7ZaKaWcH828XgWcFBy7EpN,,
Mon Nov 30 2020 05:59:32 GMT-0600 (Central Standard Time),deposit,,,,,,,0.00677,XTZ,ooj6b1VeBQLX56cbzgJaQk4NXjQXJJztcjtiz4SVSwtL5svM2ed,https://tzstats.com/operation/ooj6b1VeBQLX56cbzgJaQk4NXjQXJJztcjtiz4SVSwtL5svM2ed,,
Mon Nov 30 2020 10:55:17 GMT-0600 (Central Standard Time),exchange,-0.05225535,ETH,-0.00322875,ETH,0xe52a4d652323593d92bb6f2d708f2c67d073e72af66ec4bdecc3ac21fb18fcc6,https://etherscan.io/tx/0xe52a4d652323593d92bb6f2d708f2c67d073e72af66ec4bdecc3ac21fb18fcc6,52,ONT,7ec3ea90e945c8c6d29b188894ef6a88d9e445def37a41e03baaf3db08c69a85,https://explorer.ont.io/transaction/7ec3ea90e945c8c6d29b188894ef6a88d9e445def37a41e03baaf3db08c69a85,a2325bb7-eefc-3508-b5d8-c8fc33d6f4d8,
Wed Dec 02 2020 11:42:13 GMT-0600 (Central Standard Time),withdrawal,0,ADA,-0.192604,ADA,eab51adba585a11597e0b52adf182323abf6cbd2b4b70dc39558a913d6965863,https://cardanoscan.io/transaction/eab51adba585a11597e0b52adf182323abf6cbd2b4b70dc39558a913d6965863,,,,,,
Wed Dec 02 2020 19:22:46 GMT-0600 (Central Standard Time),deposit,,,,,,,0.00663,XTZ,oomVdLYtp65hxoCfCY2FNM6WzGGH3o6YPLDdza541rVFd81kmnE,https://tzstats.com/operation/oomVdLYtp65hxoCfCY2FNM6WzGGH3o6YPLDdza541rVFd81kmnE,,
Sun Dec 06 2020 09:55:22 GMT-0600 (Central Standard Time),deposit,,,,,,,0.006589,XTZ,ooY5FLjnJECXX6BnWnecahWefgYJYvMqNDQpv2h7RCqGM2ZNr3e,https://tzstats.com/operation/ooY5FLjnJECXX6BnWnecahWefgYJYvMqNDQpv2h7RCqGM2ZNr3e,,
Tue Dec 08 2020 14:05:28 GMT-0600 (Central Standard Time),deposit,,,,,,,0.005666,XTZ,oozU6fnctuNPu34MXTGqsRzKVFt8xz4Z8MTQWoeNe5kBq4ggjNs,https://tzstats.com/operation/oozU6fnctuNPu34MXTGqsRzKVFt8xz4Z8MTQWoeNe5kBq4ggjNs,,
Fri Dec 11 2020 10:07:35 GMT-0600 (Central Standard Time),deposit,,,,,,,0.007845,XTZ,ooeUh2EgfYTr2EmBJjy4ZEtzGm7RqK8syAqAYqXFSGH7PvLDQdt,https://tzstats.com/operation/ooeUh2EgfYTr2EmBJjy4ZEtzGm7RqK8syAqAYqXFSGH7PvLDQdt,,
Mon Dec 14 2020 07:37:19 GMT-0600 (Central Standard Time),deposit,,,,,,,0.006454,XTZ,ooaEACU8SD9jnoLfuP9BYkBFjHMkZVUraoq6ByGUH57T5q6NEL3,https://tzstats.com/operation/ooaEACU8SD9jnoLfuP9BYkBFjHMkZVUraoq6ByGUH57T5q6NEL3,,
Thu Dec 17 2020 08:06:05 GMT-0600 (Central Standard Time),deposit,,,,,,,0.00668,XTZ,ooAv1qWNiMPBpJ3cuhu4izMKBaiMqSYZLrnpoDoUDSGYq6AEyT7,https://tzstats.com/operation/ooAv1qWNiMPBpJ3cuhu4izMKBaiMqSYZLrnpoDoUDSGYq6AEyT7,,
Sun Dec 20 2020 07:20:09 GMT-0600 (Central Standard Time),deposit,,,,,,,0.007517,XTZ,ooFjCsoezNbBYvLEdxWpN6f8oBgufAZNgj8yGK3rUbF3ax7RDJB,https://tzstats.com/operation/ooFjCsoezNbBYvLEdxWpN6f8oBgufAZNgj8yGK3rUbF3ax7RDJB,,
Wed Dec 23 2020 07:39:57 GMT-0600 (Central Standard Time),deposit,,,,,,,0.007126,XTZ,ooDMQe49NucRnEydWWVmmQW25B1L2p4yujLESP45zhLwLqHGYoL,https://tzstats.com/operation/ooDMQe49NucRnEydWWVmmQW25B1L2p4yujLESP45zhLwLqHGYoL,,
Fri Dec 25 2020 17:45:48 GMT-0600 (Central Standard Time),deposit,,,,,,,0.007664,XTZ,ooZYQquNBSUXdQfGZcxBR5BkASC2YkxZYAXdFaCmHPApbZeNjvE,https://tzstats.com/operation/ooZYQquNBSUXdQfGZcxBR5BkASC2YkxZYAXdFaCmHPApbZeNjvE,,
Mon Dec 28 2020 14:43:24 GMT-0600 (Central Standard Time),deposit,,,,,,,0.006807,XTZ,onxWge1QUuNXpPDHykqLALXjgs34hV5iAL7vGn5bQN55xYfKbj3,https://tzstats.com/operation/onxWge1QUuNXpPDHykqLALXjgs34hV5iAL7vGn5bQN55xYfKbj3,,
Fri Jan 01 2021 11:08:10 GMT-0600 (Central Standard Time),deposit,,,,,,,0.007159,XTZ,opPdLR53y1bC94mWFU8zQVJ62z3VMQgdzVEtpw16GDM1ZdmrWVB,https://tzstats.com/operation/opPdLR53y1bC94mWFU8zQVJ62z3VMQgdzVEtpw16GDM1ZdmrWVB,,
Sun Jan 03 2021 11:34:11 GMT-0600 (Central Standard Time),deposit,,,,,,,0.006572,XTZ,oo1XYGdi3KhGJtWVVSku3wAWCqdSdxCSMnBMkz2xkRU7prSL57e,https://tzstats.com/operation/oo1XYGdi3KhGJtWVVSku3wAWCqdSdxCSMnBMkz2xkRU7prSL57e,,
Wed Jan 06 2021 12:30:49 GMT-0600 (Central Standard Time),deposit,,,,,,,0.006739,XTZ,ooKgQhiPyKnHzJN4mcRdnh8qGyMVF73YpNoN99sfbkzXdew4vWA,https://tzstats.com/operation/ooKgQhiPyKnHzJN4mcRdnh8qGyMVF73YpNoN99sfbkzXdew4vWA,,
Sat Jan 09 2021 11:02:23 GMT-0600 (Central Standard Time),deposit,,,,,,,0.005887,XTZ,opMU9P215XWAa5vEzUpLcu6zkNMXLRwAYq8TrxBzSQAYXRzL8iC,https://tzstats.com/operation/opMU9P215XWAa5vEzUpLcu6zkNMXLRwAYq8TrxBzSQAYXRzL8iC,,
Tue Jan 12 2021 11:08:01 GMT-0600 (Central Standard Time),deposit,,,,,,,0.006681,XTZ,opHMcNyXeQTqahE15bJ8mK5DwstJ2UvwcDSmQfLkejBJrFChKRc,https://tzstats.com/operation/opHMcNyXeQTqahE15bJ8mK5DwstJ2UvwcDSmQfLkejBJrFChKRc,,
Fri Jan 15 2021 12:52:11 GMT-0600 (Central Standard Time),deposit,,,,,,,0.006733,XTZ,ooXZ7X7E23M52hU3wAHBJ3KFZ6tqxYfMu7JNKDA2DhB6v4zZ7vv,https://tzstats.com/operation/ooXZ7X7E23M52hU3wAHBJ3KFZ6tqxYfMu7JNKDA2DhB6v4zZ7vv,,
Sun Jan 17 2021 13:04:44 GMT-0600 (Central Standard Time),withdrawal,-0.60817305,BTC,-0.00054444,BTC,10daf1b374a38711c047188a6e1f8b3d173991bc1e0d1277626e66b6c4daff96,https://blockchair.com/bitcoin/transaction/10daf1b374a38711c047188a6e1f8b3d173991bc1e0d1277626e66b6c4daff96,,,,,,
Mon Jan 18 2021 21:30:58 GMT-0600 (Central Standard Time),deposit,,,,,,,0.00659,XTZ,op7n3fPz45gNnwanxoR1qzUYj1kd9NLRj5cQ6sT2mFg4DMg8kDn,https://tzstats.com/operation/op7n3fPz45gNnwanxoR1qzUYj1kd9NLRj5cQ6sT2mFg4DMg8kDn,,
Tue Jan 19 2021 20:19:31 GMT-0600 (Central Standard Time),withdrawal,0,ALGO,-0.001,ALGO,IQHVWZPJRTQRMB2SNFBRCDADX4D5KZUPBZBHBGQFLRTH7SNQLP7Q,https://algoexplorer.io/tx/IQHVWZPJRTQRMB2SNFBRCDADX4D5KZUPBZBHBGQFLRTH7SNQLP7Q,,,,,,
Thu Jan 21 2021 11:27:23 GMT-0600 (Central Standard Time),deposit,,,,,,,0.006138,XTZ,onhmEbGsuiGn2GT61SwzZK3ri5XJkKm8EQtWtgPshk3Db12MSTx,https://tzstats.com/operation/onhmEbGsuiGn2GT61SwzZK3ri5XJkKm8EQtWtgPshk3Db12MSTx,,
Fri Jan 22 2021 17:15:24 GMT-0600 (Central Standard Time),withdrawal,0,ADA,-0.192604,ADA,83311d01f998f3e640c57edb5a9a671baa7544bb22a9c5360ffb9ac336461a40,https://cardanoscan.io/transaction/83311d01f998f3e640c57edb5a9a671baa7544bb22a9c5360ffb9ac336461a40,,,,,,
Sun Jan 24 2021 13:56:53 GMT-0600 (Central Standard Time),deposit,,,,,,,0.007235,XTZ,ooHgqvH3XiNWTvsT8ny9AqH5Z9xqhHd5h64BxZ56UyUHWtYQeUy,https://tzstats.com/operation/ooHgqvH3XiNWTvsT8ny9AqH5Z9xqhHd5h64BxZ56UyUHWtYQeUy,,
Wed Jan 27 2021 08:08:35 GMT-0600 (Central Standard Time),deposit,,,,,,,0.006531,XTZ,oormkVofFzrW9VUAZeFk26GNb4L61LCm7P6skw5JJRFHvwPG3Hh,https://tzstats.com/operation/oormkVofFzrW9VUAZeFk26GNb4L61LCm7P6skw5JJRFHvwPG3Hh,,
Sat Jan 30 2021 03:36:49 GMT-0600 (Central Standard Time),deposit,,,,,,,0.007171,XTZ,opFvujCS3y3oBJekgfYDdR96c5ZttsAU5XjjNLVHCDHmtF7vBBc,https://tzstats.com/operation/opFvujCS3y3oBJekgfYDdR96c5ZttsAU5XjjNLVHCDHmtF7vBBc,,
Tue Feb 02 2021 02:58:36 GMT-0600 (Central Standard Time),deposit,,,,,,,0.0069,XTZ,oo5vdDZQKCLg9Bqpwr9VmkyjAEbpXkGkN9KbMCmbS2XmhrRnzzu,https://tzstats.com/operation/oo5vdDZQKCLg9Bqpwr9VmkyjAEbpXkGkN9KbMCmbS2XmhrRnzzu,,